Rebalance_Date,Regime,Eligible_Count,Turnover_Pct,Gross_Return,Net_Return,Nifty_Return,Equity,Nifty_Equity,Top20_Tickers
2020-04-30,CASH  |  Death Cross: EMA50 (7876) < EMA200 (8892)  |  EXIT ALL -> LIQUID FUNDS (~2% p.a.),100,100.0,0.0016515813019202241,-0.002348418698079776,-0.023774164160291544,99.76515813019202,97.62258358397085,CASH
2020-05-29,CASH  |  Death Cross: EMA50 (7684) < EMA200 (8636)  |  EXIT ALL -> LIQUID FUNDS (~2% p.a.),101,100.0,0.0016515813019202241,-0.002348418698079776,0.08340151360196346,99.5308677674222,105.76445481660821,CASH
2020-06-30,CASH  |  Death Cross: EMA50 (8067) < EMA200 (8572)  |  EXIT ALL -> LIQUID FUNDS (~2% p.a.),169,100.0,0.0016515813019202241,-0.002348418698079776,0.06619035257469208,99.29712761652107,112.76504137078959,CASH
2020-07-31,CASH  |  Death Cross: EMA50 (8586) < EMA200 (8640)  |  EXIT ALL -> LIQUID FUNDS (~2% p.a.),183,100.0,0.0016515813019202241,-0.002348418698079776,0.03721882522203468,99.06393638536082,116.96202373672452,CASH
2020-08-31,BUY  |  EMA50 (9028) > EMA200 (8772)  |  price (9372) > EMA50  |  EMA21 > EMA63,239,100.0,0.16233113221383055,0.16033113221383055,-0.0032330173227841374,114.94696946758461,116.5838834878758,"ADANI GREEN ENERGY LIMITED, LAURUS LABS LIMITED, CG POWER AND INDUSTRIAL SOLUTIONS LIMITED, DIXON TECHNOLOGIES (INDIA) LIMITED, Tata Communications Limited, GRANULES INDIA LIMITED, JAIPRAKASH POWER VENTURES LIMITED, BIRLASOFT LIMITED, CENTRAL DEPOSITORY SERVICES (INDIA) LIMITED, DIVI'S LABORATORIES LIMITED, TATA CONSUMER PRODUCTS LIMITED, INDIAMART INTERMESH LIMITED, PERSISTENT SYSTEMS LIMITED, NEULAND LABORATORIES LTD., GODAWARI POWER AND ISPAT LIMITED, COROMANDEL INTERNATIONAL LIMITED, SYNGENE INTERNATIONAL LIMITED, NAVIN FLUORINE INTERNATIONAL LIMITED, J B CHEMICALS AND PHARMACEUTICALS LIMITED, IPCA LABORATORIES LIMITED"
2020-09-30,BUY  |  EMA50 (9223) > EMA200 (8891)  |  price (9342) > EMA50  |  EMA21 > EMA63,225,35.0,0.020419436969834344,0.019019436969834345,0.025680413198811758,117.13319610824682,119.57780578816657,"ADANI GREEN ENERGY LIMITED, LAURUS LABS LIMITED, PERSISTENT SYSTEMS LIMITED, GRANULES INDIA LIMITED, CG POWER AND INDUSTRIAL SOLUTIONS LIMITED, DIXON TECHNOLOGIES (INDIA) LIMITED, INDIAMART INTERMESH LIMITED, BIRLASOFT LIMITED, NEULAND LABORATORIES LTD., Affle 3i Limited, CENTRAL DEPOSITORY SERVICES (INDIA) LIMITED, Tata Communications Limited, INTELLECT DESIGN ARENA LIMITED, J B CHEMICALS AND PHARMACEUTICALS LIMITED, SYNGENE INTERNATIONAL LIMITED, DR.REDDY'S LABORATORIES LTD, DEEPAK NITRITE LIMITED, TATA ELXSI LIMITED, APL Apollo Tubes Limited, KPIT TECHNOLOGIES LIMITED"
2020-10-30,BUY  |  EMA50 (9483) > EMA200 (9043)  |  price (9582) > EMA50  |  EMA21 > EMA63,227,25.0,0.10631588411491885,0.10531588411491885,0.11870606837027031,129.469182215593,133.77241697762358,"ADANI GREEN ENERGY LIMITED, CG POWER AND INDUSTRIAL SOLUTIONS LIMITED, LAURUS LABS LIMITED, APL Apollo Tubes Limited, TATA ELXSI LIMITED, TATA TELESERVICES (MAHARASHTRA) LIMITED, GODAWARI POWER AND ISPAT LIMITED, GRANULES INDIA LIMITED, J B CHEMICALS AND PHARMACEUTICALS LIMITED, PG ELECTROPLAST LIMITED, CENTRAL DEPOSITORY SERVICES (INDIA) LIMITED, DIXON TECHNOLOGIES (INDIA) LIMITED, INDIAMART INTERMESH LIMITED, BIRLASOFT LIMITED, ADANI ENTERPRISES LIMITED, PERSISTENT SYSTEMS LIMITED, WELSPUN LIVING LIMITED, INTELLECT DESIGN ARENA LIMITED, Tata Communications Limited, NEULAND LABORATORIES LTD."
2020-11-30,BUY  |  EMA50 (10013) > EMA200 (9293)  |  price (10719) > EMA50  |  EMA21 > EMA63,292,30.0,0.08067575848421446,0.07947575848421445,0.07456351075888246,139.75884367250825,143.74695803017633,"ADANI GREEN ENERGY LIMITED, CG POWER AND INDUSTRIAL SOLUTIONS LIMITED, LAURUS LABS LIMITED, PG ELECTROPLAST LIMITED, DIXON TECHNOLOGIES (INDIA) LIMITED, GRANULES INDIA LIMITED, INTELLECT DESIGN ARENA LIMITED, GODAWARI POWER AND ISPAT LIMITED, Tata Communications Limited, ADANI TOTAL GAS LIMITED, APL Apollo Tubes Limited, TATA ELXSI LIMITED, SUPREME PETROCHEM LIMITED, J. K. CEMENT LIMITED., SAREGAMA INDIA LIMITED, TATA TELESERVICES (MAHARASHTRA) LIMITED, ADANI ENTERPRISES LIMITED, NAVIN FLUORINE INTERNATIONAL LIMITED, BLUE DART EXPRESS LIMITED, INDIAMART INTERMESH LIMITED"
2020-12-31,BUY  |  EMA50 (10751) > EMA200 (9686)  |  price (11518) > EMA50  |  EMA21 > EMA63,321,30.0,0.07850013261316376,0.07730013261316375,-0.01874408549872808,150.56222082225554,141.05255275867663,"CG POWER AND INDUSTRIAL SOLUTIONS LIMITED, ADANI GREEN ENERGY LIMITED, INTELLECT DESIGN ARENA LIMITED, LAURUS LABS LIMITED, DIXON TECHNOLOGIES (INDIA) LIMITED, APL Apollo Tubes Limited, GODAWARI POWER AND ISPAT LIMITED, ADANI ENTERPRISES LIMITED, STEEL AUTHORITY OF INDIA LIMITED, PG ELECTROPLAST LIMITED, INDIAMART INTERMESH LIMITED, TATA ELXSI LIMITED, ADANI TOTAL GAS LIMITED, Tata Communications Limited, TATA STEEL LIMITED, Affle 3i Limited, TATA TELESERVICES (MAHARASHTRA) LIMITED, TEJAS NETWORKS LIMITED, ASIAN PAINTS LIMITED, TATA CHEMICALS LIMITED"
2021-01-29,NOT BUY  |  price (11302) below EMA50 (11343),323,30.0,0.22230351267826545,0.22110351267826545,0.0777710928652322,183.85205672269691,152.02236393814974,"TATA TELESERVICES (MAHARASHTRA) LIMITED, ADANI GREEN ENERGY LIMITED, CG POWER AND INDUSTRIAL SOLUTIONS LIMITED, TATA ELXSI LIMITED, APL Apollo Tubes Limited, DIXON TECHNOLOGIES (INDIA) LIMITED, INDIAMART INTERMESH LIMITED, PG ELECTROPLAST LIMITED, ADANI ENTERPRISES LIMITED, Anant Raj Limited, INTELLECT DESIGN ARENA LIMITED, KAJARIA CERAMICS LIMITED, Capri Global Capital Limited, ADANI TOTAL GAS LIMITED, GODAWARI POWER AND ISPAT LIMITED, PERSISTENT SYSTEMS LIMITED, LAURUS LABS LIMITED, Affle 3i Limited, SAREGAMA INDIA LIMITED, EMAMI LIMITED"
2021-02-26,BUY  |  EMA50 (11921) > EMA200 (10504)  |  price (12181) > EMA50  |  EMA21 > EMA63,359,35.0,0.12805573895803296,0.12665573895803295,0.010860820595333998,207.1379748258643,153.67345155936056,"PG ELECTROPLAST LIMITED, ADANI ENTERPRISES LIMITED, CG POWER AND INDUSTRIAL SOLUTIONS LIMITED, DIXON TECHNOLOGIES (INDIA) LIMITED, APL Apollo Tubes Limited, HINDUSTAN COPPER LTD, TATA CHEMICALS LIMITED, KAJARIA CERAMICS LIMITED, INTELLECT DESIGN ARENA LIMITED, ADANI GREEN ENERGY LIMITED, LINDE INDIA LIMITED, TEJAS NETWORKS LIMITED, POONAWALLA FINCORP LIMITED, Anant Raj Limited, TATA ELXSI LIMITED, ADANI TOTAL GAS LIMITED, INDIAMART INTERMESH LIMITED, NEULAND LABORATORIES LTD., ADANI PORTS AND SPECIAL ECONOMIC ZONE LIMITED, GODAWARI POWER AND ISPAT LIMITED"
2021-03-31,BUY  |  EMA50 (12201) > EMA200 (10896)  |  price (12314) > EMA50  |  EMA21 > EMA63,357,30.0,0.05618003701321579,0.05498003701321579,0.0041133046931465245,218.5264283486329,154.3055572888717,"PG ELECTROPLAST LIMITED, ADANI ENTERPRISES LIMITED, ADANI TOTAL GAS LIMITED, INTELLECT DESIGN ARENA LIMITED, CG POWER AND INDUSTRIAL SOLUTIONS LIMITED, APL Apollo Tubes Limited, GRASIM INDUSTRIES LTD, GODAWARI POWER AND ISPAT LIMITED, LINDE INDIA LIMITED, TATA CHEMICALS LIMITED, SAREGAMA INDIA LIMITED, TUBE INVESTMENTS OF INDIA LIMITED, Anant Raj Limited, DEEPAK NITRITE LIMITED, DALMIA BHARAT LIMITED, KAJARIA CERAMICS LIMITED, POONAWALLA FINCORP LIMITED, DIXON TECHNOLOGIES (INDIA) LIMITED, TATA ELXSI LIMITED, Affle 3i Limited"
2021-04-30,BUY  |  EMA50 (12253) > EMA200 (11172)  |  price (12364) > EMA50  |  EMA21 > EMA63,354,35.0,0.07193563139553813,0.07053563139553813,0.06971656415420147,233.94032794881554,165.06321057295114,"ADANI ENTERPRISES LIMITED, ADANI TOTAL GAS LIMITED, CG POWER AND INDUSTRIAL SOLUTIONS LIMITED, JSW STEEL LIMITED, GODAWARI POWER AND ISPAT LIMITED, SUPREME PETROCHEM LIMITED, INTELLECT DESIGN ARENA LIMITED, LINDE INDIA LIMITED, SAREGAMA INDIA LIMITED, DEEPAK NITRITE LIMITED, TATA STEEL LIMITED, TUBE INVESTMENTS OF INDIA LIMITED, VEDANTA LIMITED, POONAWALLA FINCORP LIMITED, STEEL AUTHORITY OF INDIA LIMITED, HINDUSTAN COPPER LTD, TATA ELXSI LIMITED, TATA CHEMICALS LIMITED, GRASIM INDUSTRIES LTD, POLY MEDICURE LIMITED"
2021-05-31,BUY  |  EMA50 (12559) > EMA200 (11471)  |  price (13226) > EMA50  |  EMA21 > EMA63,368,30.0,0.055907649784168546,0.05470764978416855,0.01868996359539854,246.73865348063288,168.14823596949918,"SAREGAMA INDIA LIMITED, ADANI TOTAL GAS LIMITED, ADANI ENTERPRISES LIMITED, CG POWER AND INDUSTRIAL SOLUTIONS LIMITED, PG ELECTROPLAST LIMITED, SUPREME PETROCHEM LIMITED, JSW STEEL LIMITED, PERSISTENT SYSTEMS LIMITED, INTELLECT DESIGN ARENA LIMITED, CENTRAL DEPOSITORY SERVICES (INDIA) LIMITED, TATA ELXSI LIMITED, GODAWARI POWER AND ISPAT LIMITED, KPIT TECHNOLOGIES LIMITED, LAURUS LABS LIMITED, TATA STEEL LIMITED, K.P.R. MILL LIMITED, GRASIM INDUSTRIES LTD, STEEL AUTHORITY OF INDIA LIMITED, VEDANTA LIMITED, POONAWALLA FINCORP LIMITED"
2021-06-30,BUY  |  EMA50 (13091) > EMA200 (11864)  |  price (13474) > EMA50  |  EMA21 > EMA63,375,45.0,0.060777503708551596,0.05897750370855159,0.014153656608688836,261.29068333132994,170.52814836076826,"TATA TELESERVICES (MAHARASHTRA) LIMITED, SAREGAMA INDIA LIMITED, LAURUS LABS LIMITED, ADANI ENTERPRISES LIMITED, TATA ELXSI LIMITED, PERSISTENT SYSTEMS LIMITED, NEWGEN SOFTWARE TECHNOLOGIES LIMITED, RELIANCE POWER LIMITED, POLYCAB INDIA LIMITED, GODAWARI POWER AND ISPAT LIMITED, SUPREME PETROCHEM LIMITED, TATA STEEL LIMITED, JSW STEEL LIMITED, ECLERX SERVICES LIMITED, JSW ENERGY LIMITED, PG ELECTROPLAST LIMITED, CENTRAL DEPOSITORY SERVICES (INDIA) LIMITED, APL Apollo Tubes Limited, Firstsource Solutions Limited, ELECON ENGINEERING COMPANY LIMITED"
2021-07-30,BUY  |  EMA50 (13395) > EMA200 (12207)  |  price (13664) > EMA50  |  EMA21 > EMA63,369,55.00000000000001,-0.0034941654144879596,-0.00569416541448796,0.06525422178312024,259.80285095917674,181.65582997416666,"SAREGAMA INDIA LIMITED, JSW ENERGY LIMITED, GUJARAT FLUOROCHEMICALS LIMITED, GODAWARI POWER AND ISPAT LIMITED, PERSISTENT SYSTEMS LIMITED, TATA STEEL LIMITED, CENTRAL DEPOSITORY SERVICES (INDIA) LIMITED, ADANI ENTERPRISES LIMITED, POONAWALLA FINCORP LIMITED, ECLERX SERVICES LIMITED, VARDHMAN TEXTILES LIMITED, DALMIA BHARAT LIMITED, ANGEL ONE LIMITED, K.P.R. MILL LIMITED, OLECTRA GREENTECH LIMITED, CG POWER AND INDUSTRIAL SOLUTIONS LIMITED, GRAVITA INDIA LIMITED, Firstsource Solutions Limited, KPIT TECHNOLOGIES LIMITED, SARDA ENERGY & MINERALS LIMITED"
2021-08-31,BUY  |  EMA50 (13796) > EMA200 (12572)  |  price (14556) > EMA50  |  EMA21 > EMA63,354,60.0,0.06551233440102047,0.06311233440102047,0.0341270550086219,276.1996153672508,187.8552084763319,"JSW ENERGY LIMITED, SAREGAMA INDIA LIMITED, GUJARAT FLUOROCHEMICALS LIMITED, PERSISTENT SYSTEMS LIMITED, SRF LIMITED, TATA ELXSI LIMITED, TEJAS NETWORKS LIMITED, MAX HEALTHCARE INSTITUTE LIMITED, KPIT TECHNOLOGIES LIMITED, ECLERX SERVICES LIMITED, TATA STEEL LIMITED, DEEPAK NITRITE LIMITED, MphasiS Limited, APOLLO HOSPITALS ENTERPRISE LIMITED, INFOSYS LIMITED, BAJAJ FINSERV LIMITED, RAMKRISHNA FORGINGS LTD, TECH MAHINDRA LIMITED, ADANI ENTERPRISES LIMITED, CARBORUNDUM UNIVERSAL LIMITED"
2021-09-30,BUY  |  EMA50 (14484) > EMA200 (13041)  |  price (15053) > EMA50  |  EMA21 > EMA63,367,40.0,0.016803127045946952,0.015203127045946951,0.0022753468658343046,280.39871320972077,188.28264423616918,"JSW ENERGY LIMITED, TEJAS NETWORKS LIMITED, OIL INDIA LIMITED, GUJARAT FLUOROCHEMICALS LIMITED, SRF LIMITED, TATA ELXSI LIMITED, SAREGAMA INDIA LIMITED, INDIAN RAILWAY CATERING AND TOURISM CORPORATION LIMITED, INDIAN ENERGY EXCHANGE LIMITED, BAJAJ FINSERV LIMITED, PERSISTENT SYSTEMS LIMITED, CG POWER AND INDUSTRIAL SOLUTIONS LIMITED, OLECTRA GREENTECH LIMITED, RAMKRISHNA FORGINGS LTD, ANGEL ONE LIMITED, POLYCAB INDIA LIMITED, CARBORUNDUM UNIVERSAL LIMITED, BAJAJ HOLDINGS & INVESTMENT LIMITED., MphasiS Limited, DEEPAK NITRITE LIMITED"
2021-10-29,BUY  |  EMA50 (15026) > EMA200 (13494)  |  price (15087) > EMA50  |  EMA21 > EMA63,355,25.0,0.11232655836452202,0.11132655836452202,-0.02906826452087563,311.6145369211996,182.8095945288223,"OLECTRA GREENTECH LIMITED, CG POWER AND INDUSTRIAL SOLUTIONS LIMITED, JSW ENERGY LIMITED, SAREGAMA INDIA LIMITED, TRIDENT LIMITED, TATA TELESERVICES (MAHARASHTRA) LIMITED, PERSISTENT SYSTEMS LIMITED, TATA ELXSI LIMITED, TEJAS NETWORKS LIMITED, THE TATA POWER COMPANY LIMITED, INDIAN ENERGY EXCHANGE LIMITED, BAJAJ FINSERV LIMITED, BAJAJ HOLDINGS & INVESTMENT LIMITED., OIL INDIA LIMITED, MphasiS Limited, Solar Industries India Limited, SRF LIMITED, ADANI TOTAL GAS LIMITED, GUJARAT FLUOROCHEMICALS LIMITED, CARBORUNDUM UNIVERSAL LIMITED"
2021-11-30,NOT BUY  |  price (14648) below EMA50 (15130),320,35.0,0.1321049880969728,0.13070498809697279,0.0237467018469657,352.3441112603287,187.15071946486293,"TATA TELESERVICES (MAHARASHTRA) LIMITED, OLECTRA GREENTECH LIMITED, TRIDENT LIMITED, SAREGAMA INDIA LIMITED, CG POWER AND INDUSTRIAL SOLUTIONS LIMITED, PERSISTENT SYSTEMS LIMITED, KPIT TECHNOLOGIES LIMITED, INDIAN ENERGY EXCHANGE LIMITED, GUJARAT FLUOROCHEMICALS LIMITED, L&T TECHNOLOGY SERVICES LIMITED, THE TATA POWER COMPANY LIMITED, TATA ELXSI LIMITED, JBM AUTO LIMITED, Solar Industries India Limited, K.P.R. MILL LIMITED, BSE Limited, ELECON ENGINEERING COMPANY LIMITED, TEJAS NETWORKS LIMITED, BAJAJ HOLDINGS & INVESTMENT LIMITED., ZEN TECHNOLOGIES LIMITED"
2021-12-31,NOT BUY  |  EMA21 (14851) < EMA63 (14930),340,35.0,-0.020791536381445885,-0.022191536381445883,-0.004984596097678096,344.5250540965069,186.21784871894073,"TATA TELESERVICES (MAHARASHTRA) LIMITED, OLECTRA GREENTECH LIMITED, TRIDENT LIMITED, SAREGAMA INDIA LIMITED, CG POWER AND INDUSTRIAL SOLUTIONS LIMITED, KPIT TECHNOLOGIES LIMITED, PERSISTENT SYSTEMS LIMITED, K.P.R. MILL LIMITED, UNO MINDA LIMITED, JBM AUTO LIMITED, GUJARAT FLUOROCHEMICALS LIMITED, TECH MAHINDRA LIMITED, BSE Limited, MAX HEALTHCARE INSTITUTE LIMITED, GRAVITA INDIA LIMITED, RADICO KHAITAN LIMITED, L&T TECHNOLOGY SERVICES LIMITED, BAJAJ HOLDINGS & INVESTMENT LIMITED., SRF LIMITED, SCHAEFFLER INDIA LIMITED"
2022-01-31,NOT BUY  |  price (14921) below EMA50 (15101),330,40.0,-0.10271680643514391,-0.10431680643514392,-0.04111530715848666,308.5853007162641,178.5614446704689,"OLECTRA GREENTECH LIMITED, TRIDENT LIMITED, KPIT TECHNOLOGIES LIMITED, JBM AUTO LIMITED, CG POWER AND INDUSTRIAL SOLUTIONS LIMITED, GUJARAT FLUOROCHEMICALS LIMITED, TATA ELXSI LIMITED, POONAWALLA FINCORP LIMITED, ADANI GREEN ENERGY LIMITED, K.P.R. MILL LIMITED, BSE Limited, SAREGAMA INDIA LIMITED, ADANI TOTAL GAS LIMITED, GRAVITA INDIA LIMITED, PERSISTENT SYSTEMS LIMITED, THE TATA POWER COMPANY LIMITED, SUZLON ENERGY LIMITED, SCHAEFFLER INDIA LIMITED, OIL AND NATURAL GAS CORPORATION LIMITED, DEEPAK FERTILISERS AND PETROCHEMICALS CORPORATION LTD"
2022-02-28,NOT BUY  |  price (14308) below EMA50 (14860)  &  EMA21 (14646) < EMA63 (14889),254,45.0,0.08334758880500683,0.08154758880500683,0.040994691762271884,333.7496879303434,185.88151605536072,"JSW ENERGY LIMITED, GUJARAT FLUOROCHEMICALS LIMITED, GRAVITA INDIA LIMITED, CG POWER AND INDUSTRIAL SOLUTIONS LIMITED, KPIT TECHNOLOGIES LIMITED, K.P.R. MILL LIMITED, BSE Limited, RHI Magnesita India Limited, DEEPAK FERTILISERS AND PETROCHEMICALS CORPORATION LTD, GUJARAT MINERAL DEVELOPMENT CORPORATION LIMITED, ADANI GREEN ENERGY LIMITED, SRF LIMITED, VARDHMAN TEXTILES LIMITED, NATIONAL ALUMINIUM CO LTD, HINDALCO INDUSTRIES LIMITED, TITAN COMPANY LIMITED, SCHAEFFLER INDIA LIMITED, HITACHI ENERGY INDIA LIMITED, THE TATA POWER COMPANY LIMITED, TATA ELXSI LIMITED"
2022-03-31,NOT BUY  |  EMA21 (14594) < EMA63 (14672),281,50.0,0.03286951302516823,0.03086951302516823,-0.0074624861526066955,344.05237826905494,184.49437781577205,"GUJARAT MINERAL DEVELOPMENT CORPORATION LIMITED, BSE Limited, TATA ELXSI LIMITED, RHI Magnesita India Limited, TRIDENT LIMITED, USHA MARTIN LIMITED, LINDE INDIA LIMITED, GUJARAT FLUOROCHEMICALS LIMITED, CG POWER AND INDUSTRIAL SOLUTIONS LIMITED, KPIT TECHNOLOGIES LIMITED, NARAYANA HRUDAYALAYA Limited, SARDA ENERGY & MINERALS LIMITED, HITACHI ENERGY INDIA LIMITED, ADANI TOTAL GAS LIMITED, SRF LIMITED, ADANI GREEN ENERGY LIMITED, BHARAT DYNAMICS LIMITED, Solar Industries India Limited, PERSISTENT SYSTEMS LIMITED, THE INDIAN HOTELS COMPANY LIMITED"
2022-04-29,NOT BUY  |  price (14783) below EMA50 (14847),285,50.0,-0.09545246983284053,-0.09745246983284053,-0.04489848376721106,310.52362425487286,176.2108599882689,"ADANI GREEN ENERGY LIMITED, CHENNAI PETROLEUM CORPORATION LIMITED, ADANI POWER LIMITED, SWAN CORP LIMITED, SCHAEFFLER INDIA LIMITED, GUJARAT MINERAL DEVELOPMENT CORPORATION LIMITED, BLS INTERNATIONAL SERVICES LIMITED, USHA MARTIN LIMITED, BSE Limited, BHARAT DYNAMICS LIMITED, ADANI TOTAL GAS LIMITED, RHI Magnesita India Limited, CG POWER AND INDUSTRIAL SOLUTIONS LIMITED, ADANI ENTERPRISES LIMITED, ANGEL ONE LIMITED, LINDE INDIA LIMITED, DEEPAK FERTILISERS AND PETROCHEMICALS CORPORATION LTD, THE INDIAN HOTELS COMPANY LIMITED, MINDA CORPORATION LIMITED, POONAWALLA FINCORP LIMITED"
2022-05-31,CASH  |  Death Cross: EMA50 (14299) < EMA200 (14386)  |  EXIT ALL -> LIQUID FUNDS (~2% p.a.),217,100.0,0.0016515813019202241,-0.0003484186980797759,-0.051846369585540786,310.415432017987,167.07496661633112,CASH
2022-06-30,CASH  |  Death Cross: EMA50 (13811) < EMA200 (14214)  |  EXIT ALL -> LIQUID FUNDS (~2% p.a.),175,100.0,0.0016515813019202241,-0.002348418698079776,0.09546929796714121,309.6864466132634,183.0254963870758,CASH
2022-07-29,CASH  |  Death Cross: EMA50 (13937) < EMA200 (14169)  |  EXIT ALL -> LIQUID FUNDS (~2% p.a.),249,100.0,0.0016515813019202241,-0.002348418698079776,0.04496220760757286,308.9591731714949,191.2547267531106,CASH
2022-08-31,BUY  |  EMA50 (14649) > EMA200 (14360)  |  price (15325) > EMA50  |  EMA21 > EMA63,292,100.0,-0.0021832137812939243,-0.004183213781293924,-0.03234573459792944,307.6667309004267,185.06845212095496,"ADANI ENTERPRISES LIMITED, ADANI POWER LIMITED, ITC LIMITED, SCHAEFFLER INDIA LIMITED, TVS MOTOR COMPANY LIMITED, ADANI TOTAL GAS LIMITED, ELECON ENGINEERING COMPANY LIMITED, BLS INTERNATIONAL SERVICES LIMITED, THE GREAT EASTERN SHIPPING COMPANY LIMITED, TITAGARH RAIL SYSTEMS LIMITED, VARUN BEVERAGES LIMITED, HINDUSTAN AERONAUTICS LIMITED, MAHINDRA AND MAHINDRA LIMITED, APAR INDUSTRIES LIMITED, BHARAT ELECTRONICS LIMITED, ABB INDIA LIMITED, DEEPAK FERTILISERS AND PETROCHEMICALS CORPORATION LTD, THE KARUR VYSYA BANK LIMITED, COAL INDIA LTD, THE INDIAN HOTELS COMPANY LIMITED"
2022-09-30,NOT BUY  |  price (14829) below EMA50 (14954),277,30.0,0.060280632047769823,0.059080632047769824,0.04009953234632668,325.8438758220951,192.4896105030638,"ADANI ENTERPRISES LIMITED, ADANI POWER LIMITED, SCHAEFFLER INDIA LIMITED, TVS MOTOR COMPANY LIMITED, Mazagon Dock Shipbuilders Ltd, THE KARUR VYSYA BANK LIMITED, HINDUSTAN AERONAUTICS LIMITED, ITC LIMITED, THE INDIAN HOTELS COMPANY LIMITED, BLS INTERNATIONAL SERVICES LIMITED, DEEPAK FERTILISERS AND PETROCHEMICALS CORPORATION LTD, TATA INVESTMENT CORPORATION LIMITED, Solar Industries India Limited, COCHIN SHIPYARD LIMITED, MAHINDRA AND MAHINDRA LIMITED, ADANI TOTAL GAS LIMITED, VARUN BEVERAGES LIMITED, GUJARAT FLUOROCHEMICALS LIMITED, THE GREAT EASTERN SHIPPING COMPANY LIMITED, EICHER MOTORS LIMITED"
2022-10-31,BUY  |  EMA50 (15011) > EMA200 (14623)  |  price (15424) > EMA50  |  EMA21 > EMA63,294,25.0,0.0451181441792616,0.0441181441792616,0.03385308609958493,340.21950291554367,199.00597786069957,"Mazagon Dock Shipbuilders Ltd, THE KARUR VYSYA BANK LIMITED, TVS MOTOR COMPANY LIMITED, ITC LIMITED, COCHIN SHIPYARD LIMITED, HINDUSTAN AERONAUTICS LIMITED, BLS INTERNATIONAL SERVICES LIMITED, ADANI ENTERPRISES LIMITED, RITES LIMITED, Indian Bank, MAHINDRA AND MAHINDRA LIMITED, APAR INDUSTRIES LIMITED, Solar Industries India Limited, DEEPAK FERTILISERS AND PETROCHEMICALS CORPORATION LTD, THE INDIAN HOTELS COMPANY LIMITED, EICHER MOTORS LIMITED, KALYAN JEWELLERS INDIA LIMITED, TATA INVESTMENT CORPORATION LIMITED, THE GREAT EASTERN SHIPPING COMPANY LIMITED, CUMMINS INDIA LIMITED"
2022-11-30,BUY  |  EMA50 (15377) > EMA200 (14820)  |  price (15946) > EMA50  |  EMA21 > EMA63,320,55.00000000000001,-0.03622417472799011,-0.03842417472799011,-0.031186211091705496,327.14684928964687,192.79973542662452,"Mazagon Dock Shipbuilders Ltd, UNION BANK OF INDIA LIMITED, COCHIN SHIPYARD LIMITED, RAIL VIKAS NIGAM LIMITED, INDIAN RAILWAY FINANCE CORPORATION LIMITED, BLS INTERNATIONAL SERVICES LIMITED, ADANI ENTERPRISES LIMITED, THE KARUR VYSYA BANK LIMITED, HINDUSTAN AERONAUTICS LIMITED, ELECON ENGINEERING COMPANY LIMITED, Indian Bank, BANK OF INDIA LIMITED, KIRLOSKAR OIL ENGINES LIMITED, GODFREY PHILLIPS INDIA LIMITED, LEMON TREE HOTELS LIMITED, THE GREAT EASTERN SHIPPING COMPANY LIMITED, ITC LIMITED, VARUN BEVERAGES LIMITED, CG POWER AND INDUSTRIAL SOLUTIONS LIMITED, AMBUJA CEMENTS LIMITED"
2022-12-30,NOT BUY  |  price (15449) below EMA50 (15526),320,40.0,-0.03911188916141885,-0.040711889161418845,-0.03322901057360261,313.82808302185936,186.39319097954544,"UCO BANK, FERTILISERS AND CHEMICALS TRAVANCORE LTD, THE KARUR VYSYA BANK LIMITED, Mazagon Dock Shipbuilders Ltd, TITAGARH RAIL SYSTEMS LIMITED, RAIL VIKAS NIGAM LIMITED, THE BANK OF BARODA LIMITED, Indian Bank, BANK OF INDIA LIMITED, UNION BANK OF INDIA LIMITED, GODFREY PHILLIPS INDIA LIMITED, ADANI ENTERPRISES LIMITED, APAR INDUSTRIES LIMITED, THE GREAT EASTERN SHIPPING COMPANY LIMITED, THE CANARA BANK LIMITED, KIRLOSKAR OIL ENGINES LIMITED, VARUN BEVERAGES LIMITED, PUNJAB NATIONAL BANK, BLS INTERNATIONAL SERVICES LIMITED, JINDAL STAINLESS LIMITED"
2023-01-31,NOT BUY  |  price (14936) below EMA50 (15372)  &  EMA21 (15255) < EMA63 (15370),308,35.0,-0.11340227894246387,-0.11480227894246386,-0.027903317599009103,277.79990389480514,181.19220257335041,"RAIL VIKAS NIGAM LIMITED, UCO BANK, JUPITER WAGONS LIMITED, Mazagon Dock Shipbuilders Ltd, TITAGARH RAIL SYSTEMS LIMITED, Indian Bank, FERTILISERS AND CHEMICALS TRAVANCORE LTD, THE KARUR VYSYA BANK LIMITED, UNION BANK OF INDIA LIMITED, Anand Rathi Wealth Ltd, JINDAL STAINLESS LIMITED, INDIAN RAILWAY FINANCE CORPORATION LIMITED, TRANSFORMERS AND RECTIFIERS (INDIA) LIMITED, REC LIMITED, THE GREAT EASTERN SHIPPING COMPANY LIMITED, ITC LIMITED, KIRLOSKAR OIL ENGINES LIMITED, BLS INTERNATIONAL SERVICES LIMITED, GRAVITA INDIA LIMITED, BANK OF INDIA LIMITED"
2023-02-28,NOT BUY  |  price (14519) below EMA50 (15084)  &  EMA21 (14874) < EMA63 (15128),282,70.0,0.04487027155199118,0.04207027155199118,0.0026930693069306955,289.48702128877665,181.68016573275588,"JINDAL STAINLESS LIMITED, APAR INDUSTRIES LIMITED, ITC LIMITED, JINDAL SAW LIMITED, PG ELECTROPLAST LIMITED, CUMMINS INDIA LIMITED, FINOLEX CABLES LIMITED, BLUE STAR LIMITED, CG POWER AND INDUSTRIAL SOLUTIONS LIMITED, THE KARUR VYSYA BANK LIMITED, TITAGARH RAIL SYSTEMS LIMITED, TRIVENI TURBINE LIMITED, PNB HOUSING FINANCE LIMITED, THE SUPREME INDUSTRIES LIMITED, SONATA SOFTWARE LIMITED, Mazagon Dock Shipbuilders Ltd, VARUN BEVERAGES LIMITED, KIRLOSKAR OIL ENGINES LIMITED, KPIT TECHNOLOGIES LIMITED, SIEMENS LIMITED"
2023-03-31,CASH  |  Death Cross: EMA50 (14713) < EMA200 (14909)  |  EXIT ALL -> LIQUID FUNDS (~2% p.a.),272,100.0,0.0016515813019202241,-0.0003484186980797759,0.045453140401913616,289.38615859770823,189.93809981404976,CASH
2023-04-28,CASH  |  Death Cross: EMA50 (14817) < EMA200 (14904)  |  EXIT ALL -> LIQUID FUNDS (~2% p.a.),325,100.0,0.0016515813019202241,-0.002348418698079776,0.03593076010788754,288.7065587318919,196.76272011381639,CASH
2023-05-31,BUY  |  EMA50 (15240) > EMA200 (15025)  |  price (15766) > EMA50  |  EMA21 > EMA63,353,100.0,0.07589182106374197,0.07389182106374197,0.04208950679926926,310.0396121096376,205.04436595988957,"TITAGARH RAIL SYSTEMS LIMITED, JINDAL SAW LIMITED, CHOICE INTERNATIONAL LIMITED, ITC LIMITED, RAMKRISHNA FORGINGS LTD, CG POWER AND INDUSTRIAL SOLUTIONS LIMITED, RAIL VIKAS NIGAM LIMITED, ANUPAM RASAYAN INDIA LIMITED, ZEN TECHNOLOGIES LIMITED, TEGA INDUSTRIES LIMITED, NEWGEN SOFTWARE TECHNOLOGIES LIMITED, IDFC FIRST BANK LIMITED, SONATA SOFTWARE LIMITED, ABB INDIA LIMITED, CYIENT LIMITED, JINDAL STAINLESS LIMITED, PG ELECTROPLAST LIMITED, NEULAND LABORATORIES LTD., REC LIMITED, CHOLAMANDALAM INVESTMENT AND FINANCE COMPANY LIMITED"
2023-06-30,BUY  |  EMA50 (15743) > EMA200 (15232)  |  price (16430) > EMA50  |  EMA21 > EMA63,373,55.00000000000001,0.12304374745466155,0.12084374745466156,0.038283627510651286,347.5059606963558,212.89420808945565,"TITAGARH RAIL SYSTEMS LIMITED, JBM AUTO LIMITED, JINDAL SAW LIMITED, POWER FINANCE CORPORATION LIMITED, IDFC FIRST BANK LIMITED, FORCE MOTORS LIMITED, L&T Finance Limited, ITC LIMITED, JUPITER WAGONS LIMITED, REC LIMITED, RAMKRISHNA FORGINGS LTD, Anant Raj Limited, CHOLAMANDALAM INVESTMENT AND FINANCE COMPANY LIMITED, GLENMARK PHARMACEUTICALS LIMITED, Mazagon Dock Shipbuilders Ltd, RAIL VIKAS NIGAM LIMITED, HINDUSTAN AERONAUTICS LIMITED, CHOICE INTERNATIONAL LIMITED, CAN FIN HOMES LIMITED, INTERGLOBE AVIATION LIMITED"
2023-07-31,BUY  |  EMA50 (16356) > EMA200 (15528)  |  price (17059) > EMA50  |  EMA21 > EMA63,388,55.00000000000001,0.12605763946825105,0.12385763946825105,-0.007896125212497829,390.5472286893533,211.21316876536574,"TITAGARH RAIL SYSTEMS LIMITED, POWER FINANCE CORPORATION LIMITED, REC LIMITED, Mazagon Dock Shipbuilders Ltd, ZEN TECHNOLOGIES LIMITED, RAMKRISHNA FORGINGS LTD, JINDAL SAW LIMITED, ACTION CONSTRUCTION EQUIPMENT LIMITED, GLENMARK PHARMACEUTICALS LIMITED, POLYCAB INDIA LIMITED, SARDA ENERGY & MINERALS LIMITED, Anand Rathi Wealth Ltd, JINDAL STAINLESS LIMITED, ENGINEERS INDIA LIMITED, ZENSAR TECHNOLOGIES LIMITED, JBM AUTO LIMITED, NEWGEN SOFTWARE TECHNOLOGIES LIMITED, JUPITER WAGONS LIMITED, USHA MARTIN LIMITED, ZYDUS LIFESCIENCES LIMITED"
2023-08-31,BUY  |  EMA50 (16678) > EMA200 (15808)  |  price (16924) > EMA50  |  EMA21 > EMA63,402,35.0,0.040888529546335796,0.0394885295463358,0.02176160904734603,405.9693644686924,215.80950716968874,"TITAGARH RAIL SYSTEMS LIMITED, JUPITER WAGONS LIMITED, RAMKRISHNA FORGINGS LTD, REC LIMITED, Anand Rathi Wealth Ltd, ZEN TECHNOLOGIES LIMITED, JINDAL STAINLESS LIMITED, APAR INDUSTRIES LIMITED, POWER FINANCE CORPORATION LIMITED, HIMADRI SPECIALITY CHEMICAL LIMITED, USHA MARTIN LIMITED, SARDA ENERGY & MINERALS LIMITED, POLYCAB INDIA LIMITED, THE SUPREME INDUSTRIES LIMITED, ACTION CONSTRUCTION EQUIPMENT LIMITED, BSE Limited, Mazagon Dock Shipbuilders Ltd, KALYAN JEWELLERS INDIA LIMITED, FORCE MOTORS LIMITED, Anant Raj Limited"
2023-09-29,BUY  |  EMA50 (17080) > EMA200 (16107)  |  price (17293) > EMA50  |  EMA21 > EMA63,413,30.0,-0.014943785840930823,-0.016143785840930822,-0.028422562252061523,399.41548199073105,209.67564801757155,"Anand Rathi Wealth Ltd, REC LIMITED, BSE Limited, TITAGARH RAIL SYSTEMS LIMITED, GE VERNOVA T&D INDIA LIMITED, JUPITER WAGONS LIMITED, POLYCAB INDIA LIMITED, POWER FINANCE CORPORATION LIMITED, INDIAN RAILWAY FINANCE CORPORATION LIMITED, Mazagon Dock Shipbuilders Ltd, APAR INDUSTRIES LIMITED, CHOLAMANDALAM FINANCIAL HOLDINGS LIMITED, LUPIN LIMITED, HIMADRI SPECIALITY CHEMICAL LIMITED, ZEN TECHNOLOGIES LIMITED, GABRIEL INDIA LIMITED, RAMKRISHNA FORGINGS LTD, FORCE MOTORS LIMITED, AUROBINDO PHARMA LTD, JINDAL STAINLESS LIMITED"
2023-10-31,NOT BUY  |  price (16801) below EMA50 (17085),403,45.0,0.1651109743956365,0.1633109743956365,0.07064120801614204,464.64441354334014,224.4873890851002,"BSE Limited, Anand Rathi Wealth Ltd, REC LIMITED, SUZLON ENERGY LIMITED, KAYNES TECHNOLOGY INDIA LIMITED, GRAVITA INDIA LIMITED, JINDAL SAW LIMITED, JUPITER WAGONS LIMITED, BIRLASOFT LIMITED, KALYAN JEWELLERS INDIA LIMITED, TITAGARH RAIL SYSTEMS LIMITED, GE VERNOVA T&D INDIA LIMITED, NEWGEN SOFTWARE TECHNOLOGIES LIMITED, POWER FINANCE CORPORATION LIMITED, HIMADRI SPECIALITY CHEMICAL LIMITED, CHOLAMANDALAM FINANCIAL HOLDINGS LIMITED, INDIAN RAILWAY FINANCE CORPORATION LIMITED, TRENT LIMITED, ACTION CONSTRUCTION EQUIPMENT LIMITED, APAR INDUSTRIES LIMITED"
2023-11-30,BUY  |  EMA50 (17330) > EMA200 (16533)  |  price (17988) > EMA50  |  EMA21 > EMA63,425,45.0,0.061215236694161235,0.05941523669416123,0.08012030275823534,492.25137135263736,242.4733866640042,"Anand Rathi Wealth Ltd, BSE Limited, REC LIMITED, POWER FINANCE CORPORATION LIMITED, SUZLON ENERGY LIMITED, TRENT LIMITED, NEWGEN SOFTWARE TECHNOLOGIES LIMITED, MULTI COMMODITY EXCHANGE OF INDIA LIMITED, AUROBINDO PHARMA LTD, TVS MOTOR COMPANY LIMITED, PRESTIGE ESTATES PROJECTS LIMITED, WELSPUN CORP LIMITED, TITAGARH RAIL SYSTEMS LIMITED, BIRLASOFT LIMITED, GLOBAL HEALTH LIMITED, ANGEL ONE LIMITED, LUPIN LIMITED, GRAVITA INDIA LIMITED, COAL INDIA LTD, KALYAN JEWELLERS INDIA LIMITED"
2023-12-29,BUY  |  EMA50 (18263) > EMA200 (16986)  |  price (19429) > EMA50  |  EMA21 > EMA63,432,40.0,0.0689191012826064,0.06731910128260639,0.019195384255101144,525.3892912772275,247.1277564926555,"Anand Rathi Wealth Ltd, REC LIMITED, BSE Limited, BIRLASOFT LIMITED, INOX WIND LIMITED, TRENT LIMITED, POWER FINANCE CORPORATION LIMITED, TVS MOTOR COMPANY LIMITED, NEWGEN SOFTWARE TECHNOLOGIES LIMITED, NLC INDIA LIMITED, NTPC LIMITED, BAJAJ AUTO LIMITED., PRESTIGE ESTATES PROJECTS LIMITED, ANGEL ONE LIMITED, HINDUSTAN AERONAUTICS LIMITED, Techno Electric & Engineering Company Limited, KALYAN JEWELLERS INDIA LIMITED, SUZLON ENERGY LIMITED, ALKEM LABORATORIES LIMITED, INDIAN OIL CORPORATION LIMITED"
2024-01-31,BUY  |  EMA50 (19037) > EMA200 (17511)  |  price (19802) > EMA50  |  EMA21 > EMA63,429,45.0,0.041181902560836585,0.03938190256083658,0.014541387024608499,546.0801211528143,250.7213368443384,"Anand Rathi Wealth Ltd, BIRLASOFT LIMITED, REC LIMITED, GE VERNOVA T&D INDIA LIMITED, TRENT LIMITED, INDIAN RAILWAY FINANCE CORPORATION LIMITED, POWER FINANCE CORPORATION LIMITED, BAJAJ AUTO LIMITED., CHOICE INTERNATIONAL LIMITED, HINDUSTAN AERONAUTICS LIMITED, GLOBAL HEALTH LIMITED, INDIAN OIL CORPORATION LIMITED, BSE Limited, LUPIN LIMITED, NBCC (INDIA) LIMITED, HIMADRI SPECIALITY CHEMICAL LIMITED, IFCI LIMITED, INOX WIND LIMITED, SUZLON ENERGY LIMITED, GLAXOSMITHKLINE PHARMACEUTICALS LIMITED"
2024-02-29,BUY  |  EMA50 (19631) > EMA200 (17994)  |  price (20090) > EMA50  |  EMA21 > EMA63,421,65.0,-0.004047505080278952,-0.006647505080278952,0.00821799846192528,542.4500507732116,252.78176440489702,"Anand Rathi Wealth Ltd, GE VERNOVA T&D INDIA LIMITED, INOX WIND LIMITED, LUPIN LIMITED, ZYDUS LIFESCIENCES LIMITED, SUN PHARMACEUTICAL INDUSTRIES LIMITED, DLF LIMITED, GLOBAL HEALTH LIMITED, TRENT LIMITED, PUNJAB NATIONAL BANK, BAJAJ AUTO LIMITED., SWAN CORP LIMITED, KIRLOSKAR OIL ENGINES LIMITED, SCHNEIDER ELECTRIC INFRASTRUCTURE LIMITED, FORCE MOTORS LIMITED, TATA INVESTMENT CORPORATION LIMITED, NTPC LIMITED, Anant Raj Limited, BHARAT ELECTRONICS LIMITED, Bosch Limited"
2024-03-29,BUY  |  EMA50 (19876) > EMA200 (18389)  |  price (20255) > EMA50  |  EMA21 > EMA63,398,35.0,0.08689201429828627,0.08549201429828628,0.036635127362670605,588.8251982700211,262.042456538831,"Anand Rathi Wealth Ltd, BAJAJ AUTO LIMITED., GE VERNOVA T&D INDIA LIMITED, ZYDUS LIFESCIENCES LIMITED, SCHNEIDER ELECTRIC INFRASTRUCTURE LIMITED, SUN PHARMACEUTICAL INDUSTRIES LIMITED, LUPIN LIMITED, FORCE MOTORS LIMITED, Bosch Limited, TRENT LIMITED, ETERNAL LIMITED, CUMMINS INDIA LIMITED, CHALET HOTELS LIMITED, GLOBAL HEALTH LIMITED, BSE Limited, PUNJAB NATIONAL BANK, TRANSFORMERS AND RECTIFIERS (INDIA) LIMITED, DLF LIMITED, OIL INDIA LIMITED, ORACLE FINANCIAL SERVICES SOFTWARE LIMITED"
2024-04-30,BUY  |  EMA50 (20354) > EMA200 (18842)  |  price (20997) > EMA50  |  EMA21 > EMA63,423,45.0,0.023268773299943073,0.021468773299943074,0.005053054693006542,601.4665529649742,263.3665714036115,"GE VERNOVA T&D INDIA LIMITED, Anand Rathi Wealth Ltd, TRANSFORMERS AND RECTIFIERS (INDIA) LIMITED, FORCE MOTORS LIMITED, CUMMINS INDIA LIMITED, TRENT LIMITED, HINDUSTAN AERONAUTICS LIMITED, GALLANTT ISPAT LIMITED, SCHNEIDER ELECTRIC INFRASTRUCTURE LIMITED, SIEMENS LIMITED, PUNJAB NATIONAL BANK, ETERNAL LIMITED, BAJAJ AUTO LIMITED., TORRENT POWER LIMITED, GLOBAL HEALTH LIMITED, CHOICE INTERNATIONAL LIMITED, INOX WIND LIMITED, BHARAT HEAVY ELECTRICALS LIMITED, DIXON TECHNOLOGIES (INDIA) LIMITED, THE CANARA BANK LIMITED"
2024-05-31,BUY  |  EMA50 (20768) > EMA200 (19286)  |  price (21103) > EMA50  |  EMA21 > EMA63,409,50.0,0.08058666603574804,0.07858666603574804,0.0690129031952349,648.7338040945051,281.54226310074984,"GE VERNOVA T&D INDIA LIMITED, HINDUSTAN AERONAUTICS LIMITED, TRANSFORMERS AND RECTIFIERS (INDIA) LIMITED, SIEMENS LIMITED, BHARAT ELECTRONICS LIMITED, COCHIN SHIPYARD LIMITED, Anand Rathi Wealth Ltd, CUMMINS INDIA LIMITED, KIRLOSKAR OIL ENGINES LIMITED, CHOICE INTERNATIONAL LIMITED, BHARAT DYNAMICS LIMITED, TRENT LIMITED, DIXON TECHNOLOGIES (INDIA) LIMITED, Techno Electric & Engineering Company Limited, THERMAX LIMITED., ABB INDIA LIMITED, BHARTI AIRTEL LIMITED, VEDANTA LIMITED, FORCE MOTORS LIMITED, HITACHI ENERGY INDIA LIMITED"
2024-06-28,BUY  |  EMA50 (21492) > EMA200 (19780)  |  price (22560) > EMA50  |  EMA21 > EMA63,432,30.0,-0.0033903917081854807,-0.004590391708185481,0.04304578518331348,645.7558618193701,293.66147087820866,"GE VERNOVA T&D INDIA LIMITED, TRANSFORMERS AND RECTIFIERS (INDIA) LIMITED, GALLANTT ISPAT LIMITED, SAMVARDHANA MOTHERSON INTERNATIONAL LIMITED, TRENT LIMITED, KIRLOSKAR OIL ENGINES LIMITED, COCHIN SHIPYARD LIMITED, DIXON TECHNOLOGIES (INDIA) LIMITED, CHOICE INTERNATIONAL LIMITED, Techno Electric & Engineering Company Limited, MAHINDRA AND MAHINDRA LIMITED, CUMMINS INDIA LIMITED, SIEMENS LIMITED, HITACHI ENERGY INDIA LIMITED, Anand Rathi Wealth Ltd, BLUE STAR LIMITED, HINDUSTAN AERONAUTICS LIMITED, EXIDE INDUSTRIES LIMITED, BHARAT DYNAMICS LIMITED, Bosch Limited"
2024-07-31,BUY  |  EMA50 (22455) > EMA200 (20455)  |  price (23531) > EMA50  |  EMA21 > EMA63,435,50.0,0.04333774899284198,0.041337748992841976,0.008658864127016441,672.4499555459156,296.2042456538829,"GE VERNOVA T&D INDIA LIMITED, TRENT LIMITED, COCHIN SHIPYARD LIMITED, ZYDUS LIFESCIENCES LIMITED, ORACLE FINANCIAL SERVICES SOFTWARE LIMITED, SAMVARDHANA MOTHERSON INTERNATIONAL LIMITED, DIXON TECHNOLOGIES (INDIA) LIMITED, SUZLON ENERGY LIMITED, GLENMARK PHARMACEUTICALS LIMITED, MAHINDRA AND MAHINDRA LIMITED, Bosch Limited, OIL INDIA LIMITED, WOCKHARDT LIMITED, Techno Electric & Engineering Company Limited, CHOICE INTERNATIONAL LIMITED, TRANSFORMERS AND RECTIFIERS (INDIA) LIMITED, PG ELECTROPLAST LIMITED, NAVA LIMITED, 360 ONE WAM LIMITED, ZEN TECHNOLOGIES LIMITED"
2024-08-30,BUY  |  EMA50 (22899) > EMA200 (20988)  |  price (23735) > EMA50  |  EMA21 > EMA63,425,45.0,0.006938697533091581,0.005138697533091581,0.021515048736967968,675.905472473607,302.577094435223,"GLENMARK PHARMACEUTICALS LIMITED, TRENT LIMITED, GE VERNOVA T&D INDIA LIMITED, OIL INDIA LIMITED, COLGATE-PALMOLIVE (INDIA) LIMITED, CHOICE INTERNATIONAL LIMITED, LUPIN LIMITED, BAJAJ AUTO LIMITED., GRANULES INDIA LIMITED, DIXON TECHNOLOGIES (INDIA) LIMITED, WOCKHARDT LIMITED, GALLANTT ISPAT LIMITED, NAVA LIMITED, TORRENT PHARMACEUTICALS LTD, ERIS LIFESCIENCES LIMITED, PG ELECTROPLAST LIMITED, TRANSFORMERS AND RECTIFIERS (INDIA) LIMITED, KALYAN JEWELLERS INDIA LIMITED, NEULAND LABORATORIES LTD., SUZLON ENERGY LIMITED"
2024-09-30,BUY  |  EMA50 (23544) > EMA200 (21556)  |  price (24245) > EMA50  |  EMA21 > EMA63,411,45.0,-0.05752020696368541,-0.05932020696368541,-0.06417146486727276,635.810619958585,283.1602790500316,"TRENT LIMITED, BAJAJ AUTO LIMITED., PCBL CHEMICAL LIMITED, CHOICE INTERNATIONAL LIMITED, COLGATE-PALMOLIVE (INDIA) LIMITED, HIMADRI SPECIALITY CHEMICAL LIMITED, PG ELECTROPLAST LIMITED, GLENMARK PHARMACEUTICALS LIMITED, Anant Raj Limited, KALYAN JEWELLERS INDIA LIMITED, SUN PHARMACEUTICAL INDUSTRIES LIMITED, SUZLON ENERGY LIMITED, BHARTI AIRTEL LIMITED, GE VERNOVA T&D INDIA LIMITED, JUBILANT PHARMOVA LIMITED, LUPIN LIMITED, NAVA LIMITED, VEDANTA LIMITED, PIRAMAL PHARMA LIMITED, VOLTAS LIMITED"
2024-10-31,NOT BUY  |  price (22689) below EMA50 (23341)  &  EMA21 (23167) < EMA63 (23288),366,60.0,0.0064237605885143715,0.004023760588514372,-0.0001035728216101095,638.3689696729332,283.1309513409625,"CHOICE INTERNATIONAL LIMITED, TRENT LIMITED, POLY MEDICURE LIMITED, GLENMARK PHARMACEUTICALS LIMITED, WOCKHARDT LIMITED, MULTI COMMODITY EXCHANGE OF INDIA LIMITED, PG ELECTROPLAST LIMITED, Anant Raj Limited, JUBILANT PHARMOVA LIMITED, PIRAMAL PHARMA LIMITED, TRANSFORMERS AND RECTIFIERS (INDIA) LIMITED, GE VERNOVA T&D INDIA LIMITED, DIXON TECHNOLOGIES (INDIA) LIMITED, NEULAND LABORATORIES LTD., JSW Dulux Limited, DIVI'S LABORATORIES LIMITED, GODFREY PHILLIPS INDIA LIMITED, SARDA ENERGY & MINERALS LIMITED, LT FOODS LIMITED, ZEN TECHNOLOGIES LIMITED"
2024-11-29,NOT BUY  |  price (22687) below EMA50 (22792)  &  EMA21 (22484) < EMA63 (22845),353,40.0,0.0483656736832663,0.046765673683266305,-0.013734737955657383,668.2227245981804,279.2422219171584,"WOCKHARDT LIMITED, CHOICE INTERNATIONAL LIMITED, PG ELECTROPLAST LIMITED, TRANSFORMERS AND RECTIFIERS (INDIA) LIMITED, DIXON TECHNOLOGIES (INDIA) LIMITED, DIVI'S LABORATORIES LIMITED, DEEPAK FERTILISERS AND PETROCHEMICALS CORPORATION LTD, JUBILANT PHARMOVA LIMITED, NEULAND LABORATORIES LTD., KALYAN JEWELLERS INDIA LIMITED, KRISHNA INSTITUTE OF MEDICAL SCIENCES LIMITED, PIRAMAL PHARMA LIMITED, COFORGE LIMITED, ZEN TECHNOLOGIES LIMITED, DOMS INDUSTRIES LIMITED, GE VERNOVA T&D INDIA LIMITED, RADICO KHAITAN LIMITED, MULTI COMMODITY EXCHANGE OF INDIA LIMITED, NAVA LIMITED, LLOYDS METALS AND ENERGY LIMITED"
2024-12-31,NOT BUY  |  price (22375) below EMA50 (22797)  &  EMA21 (22663) < EMA63 (22831),327,40.0,-0.16594559271765083,-0.16754559271765082,-0.03550774511293653,556.2649521379748,269.3269602765539,"TRANSFORMERS AND RECTIFIERS (INDIA) LIMITED, PG ELECTROPLAST LIMITED, CHOICE INTERNATIONAL LIMITED, ZEN TECHNOLOGIES LIMITED, COFORGE LIMITED, WOCKHARDT LIMITED, DIXON TECHNOLOGIES (INDIA) LIMITED, KFIN TECHNOLOGIES LIMITED, Anant Raj Limited, GE VERNOVA T&D INDIA LIMITED, LLOYDS METALS AND ENERGY LIMITED, KAYNES TECHNOLOGY INDIA LIMITED, CARTRADE TECH LIMITED, Fortis Healthcare Limited, PB FINTECH LIMITED, DIVI'S LABORATORIES LIMITED, ONE 97 COMMUNICATIONS LIMITED, THE INDIAN HOTELS COMPANY LIMITED, KALYAN JEWELLERS INDIA LIMITED, RADICO KHAITAN LIMITED"
2025-01-31,NOT BUY  |  price (21581) below EMA50 (22089)  &  EMA21 (21628) < EMA63 (22214),241,65.0,-0.10526915452280283,-0.10786915452280284,-0.07877335977646904,496.26112206018405,248.11117073718614,"CARTRADE TECH LIMITED, PG ELECTROPLAST LIMITED, BLUE JET HEALTHCARE LIMITED, LLOYDS METALS AND ENERGY LIMITED, WOCKHARDT LIMITED, KRISHNA INSTITUTE OF MEDICAL SCIENCES LIMITED, BSE Limited, MUTHOOT FINANCE LIMITED, SARDA ENERGY & MINERALS LIMITED, DIXON TECHNOLOGIES (INDIA) LIMITED, CHOICE INTERNATIONAL LIMITED, ASTER DM HEALTHCARE LIMITED, PERSISTENT SYSTEMS LIMITED, Jubilant FoodWorks Limited, LT FOODS LIMITED, COROMANDEL INTERNATIONAL LIMITED, WIPRO LIMITED, MAHINDRA AND MAHINDRA LIMITED, THE INDIAN HOTELS COMPANY LIMITED, NEULAND LABORATORIES LTD."
2025-02-28,CASH  |  Death Cross: EMA50 (21374) < EMA200 (21857)  |  EXIT ALL -> LIQUID FUNDS (~2% p.a.),142,100.0,0.0016515813019202241,-0.0003484186980797759,0.07336941486552417,496.08821540612826,266.3149421557737,CASH
2025-03-31,CASH  |  Death Cross: EMA50 (21057) < EMA200 (21643)  |  EXIT ALL -> LIQUID FUNDS (~2% p.a.),224,100.0,0.0016515813019202241,-0.002348418698079776,0.032357758247010926,494.92319256517146,274.9322966716169,CASH
2025-04-30,CASH  |  Death Cross: EMA50 (21312) < EMA200 (21593)  |  EXIT ALL -> LIQUID FUNDS (~2% p.a.),240,100.0,0.0016515813019202241,-0.002348418698079776,0.03503850422491106,493.7609056856381,284.5655131101098,CASH
2025-05-30,BUY  |  EMA50 (22040) > EMA200 (21772)  |  price (22802) > EMA50  |  EMA21 > EMA63,318,100.0,0.05080204573289342,0.048802045732893415,0.03575352108043384,517.8574479860235,294.7397321818566,"Solar Industries India Limited, CHOICE INTERNATIONAL LIMITED, PARADEEP PHOSPHATES LTD, Max Financial Services Limited, BHARAT DYNAMICS LIMITED, GARDEN REACH SHIPBUILDERS & ENGINEERS LIMITED, BSE Limited, FORCE MOTORS LIMITED, COROMANDEL INTERNATIONAL LIMITED, ASTER DM HEALTHCARE LIMITED, BHARTI HEXACOM LIMITED, BLUE JET HEALTHCARE LIMITED, Mazagon Dock Shipbuilders Ltd, AUTHUM INVESTMENT & INFRASTRUCTURE LIMITED, ANUPAM RASAYAN INDIA LIMITED, HITACHI ENERGY INDIA LIMITED, BHARAT ELECTRONICS LIMITED, RELIANCE POWER LIMITED, KRISHNA INSTITUTE OF MEDICAL SCIENCES LIMITED, ZEN TECHNOLOGIES LIMITED"
2025-06-30,BUY  |  EMA50 (22672) > EMA200 (22028)  |  price (23617) > EMA50  |  EMA21 > EMA63,345,35.0,-0.03094243680507981,-0.03234243680507981,-0.02973468489067288,501.1086762004957,285.97573912066775,"Max Financial Services Limited, Solar Industries India Limited, NARAYANA HRUDAYALAYA Limited, FORCE MOTORS LIMITED, CHOICE INTERNATIONAL LIMITED, ANUPAM RASAYAN INDIA LIMITED, MULTI COMMODITY EXCHANGE OF INDIA LIMITED, BSE Limited, DEEPAK FERTILISERS AND PETROCHEMICALS CORPORATION LTD, BHARAT ELECTRONICS LIMITED, AUTHUM INVESTMENT & INFRASTRUCTURE LIMITED, J. K. CEMENT LIMITED., RELIANCE POWER LIMITED, PARADEEP PHOSPHATES LTD, ASTER DM HEALTHCARE LIMITED, COROMANDEL INTERNATIONAL LIMITED, LLOYDS METALS AND ENERGY LIMITED, HDFC LIFE INSURANCE COMPANY LIMITED, GARDEN REACH SHIPBUILDERS & ENGINEERS LIMITED, JM FINANCIAL LIMITED"
2025-07-31,NOT BUY  |  price (22915) below EMA50 (23043),332,65.0,-0.0001026273000585276,-0.002702627300058528,-0.01972511395399068,499.75436621190005,280.33483507843584,"GALLANTT ISPAT LIMITED, LAURUS LABS LIMITED, GABRIEL INDIA LIMITED, FORCE MOTORS LIMITED, CHOICE INTERNATIONAL LIMITED, ANUPAM RASAYAN INDIA LIMITED, PARADEEP PHOSPHATES LTD, J. K. CEMENT LIMITED., E.I.D PARRY (INDIA) LIMITED, GE VERNOVA T&D INDIA LIMITED, AUTHUM INVESTMENT & INFRASTRUCTURE LIMITED, ALLIED BLENDERS AND DISTILLERS LIMITED, Fortis Healthcare Limited, SYRMA SGS TECHNOLOGY LIMITED, COROMANDEL INTERNATIONAL LIMITED, THE RAMCO CEMENTS LIMITED, HDFC ASSET MANAGEMENT COMPANY LIMITED, GLENMARK PHARMACEUTICALS LIMITED, Anand Rathi Wealth Ltd, CARTRADE TECH LIMITED"
2025-08-29,NOT BUY  |  price (22463) below EMA50 (22895)  &  EMA21 (22840) < EMA63 (22855),312,30.0,-0.015061450511704044,-0.016261450511704044,0.012070988004692085,491.6276353177372,283.718753509965,"FORCE MOTORS LIMITED, GABRIEL INDIA LIMITED, LAURUS LABS LIMITED, J. K. CEMENT LIMITED., PARADEEP PHOSPHATES LTD, CHOICE INTERNATIONAL LIMITED, AUTHUM INVESTMENT & INFRASTRUCTURE LIMITED, ANUPAM RASAYAN INDIA LIMITED, CARTRADE TECH LIMITED, Fortis Healthcare Limited, L&T Finance Limited, Max Financial Services Limited, ONE 97 COMMUNICATIONS LIMITED, NUVOCO VISTAS CORPORATION LIMITED, Anand Rathi Wealth Ltd, DALMIA BHARAT LIMITED, GE VERNOVA T&D INDIA LIMITED, ADITYA BIRLA CAPITAL LIMITED, ALLIED BLENDERS AND DISTILLERS LIMITED, SYRMA SGS TECHNOLOGY LIMITED"
2025-09-30,NOT BUY  |  price (22734) below EMA50 (22997),341,50.0,0.01637824144356127,0.01437824144356127,0.042944299532420516,498.69637615866276,295.9028566436619,"EICHER MOTORS LIMITED, MARUTI SUZUKI INDIA LIMITED, L&T Finance Limited, GABRIEL INDIA LIMITED, Fortis Healthcare Limited, CHOICE INTERNATIONAL LIMITED, GE VERNOVA T&D INDIA LIMITED, GUJARAT MINERAL DEVELOPMENT CORPORATION LIMITED, AUTHUM INVESTMENT & INFRASTRUCTURE LIMITED, FORCE MOTORS LIMITED, TATA INVESTMENT CORPORATION LIMITED, Anand Rathi Wealth Ltd, Indian Bank, PARADEEP PHOSPHATES LTD, NETWEB TECHNOLOGIES INDIA LIMITED, GALLANTT ISPAT LIMITED, TVS MOTOR COMPANY LIMITED, HYUNDAI MOTOR INDIA LIMITED, MUTHOOT FINANCE LIMITED, CARTRADE TECH LIMITED"
2025-10-31,BUY  |  EMA50 (23328) > EMA200 (22719)  |  price (23710) > EMA50  |  EMA21 > EMA63,388,40.0,-0.02319943291287894,-0.024799432912878942,0.009396720426479543,486.3289888342202,298.68337306093906,"L&T Finance Limited, Indian Bank, ALLIED BLENDERS AND DISTILLERS LIMITED, GABRIEL INDIA LIMITED, EICHER MOTORS LIMITED, RBL BANK LIMITED, ADITYA BIRLA CAPITAL LIMITED, MARUTI SUZUKI INDIA LIMITED, Fortis Healthcare Limited, CUMMINS INDIA LIMITED, CHOICE INTERNATIONAL LIMITED, CARTRADE TECH LIMITED, THE CANARA BANK LIMITED, TVS MOTOR COMPANY LIMITED, Anand Rathi Wealth Ltd, NETWEB TECHNOLOGIES INDIA LIMITED, LAURUS LABS LIMITED, GE VERNOVA T&D INDIA LIMITED, HBL Engineering Limited, GODAWARI POWER AND ISPAT LIMITED"
2025-11-28,BUY  |  EMA50 (23587) > EMA200 (22912)  |  price (23933) > EMA50  |  EMA21 > EMA63,369,50.0,0.019392869328374345,0.017392869328374347,-0.002575919643006408,494.78764538761413,297.913988693232,"L&T Finance Limited, ADITYA BIRLA CAPITAL LIMITED, THE CANARA BANK LIMITED, MUTHOOT FINANCE LIMITED, Indian Bank, LAURUS LABS LIMITED, ALLIED BLENDERS AND DISTILLERS LIMITED, RBL BANK LIMITED, AU SMALL FINANCE BANK LIMITED, State Bank of India, CUMMINS INDIA LIMITED, SHRIRAM FINANCE LIMITED, EICHER MOTORS LIMITED, HERO MOTOCORP LIMITED, MULTI COMMODITY EXCHANGE OF INDIA LIMITED, MAHINDRA AND MAHINDRA FINANCIAL SERVICES LIMITED, CITY UNION BANK LIMITED, THE FEDERAL BANK LTD, CARTRADE TECH LIMITED, GMR AIRPORTS LIMITED"
2025-12-31,BUY  |  EMA50 (23662) > EMA200 (23075)  |  price (23872) > EMA50  |  EMA21 > EMA63,370,45.0,0.015515391566625148,0.013715391566625148,-0.03317966365820402,501.57385168643367,288.02930274931657,"L&T Finance Limited, LAURUS LABS LIMITED, SHRIRAM FINANCE LIMITED, THE CANARA BANK LIMITED, NATIONAL ALUMINIUM CO LTD, THE FEDERAL BANK LTD, ASHOK LEYLAND LIMITED, ADITYA BIRLA CAPITAL LIMITED, AU SMALL FINANCE BANK LIMITED, MUTHOOT FINANCE LIMITED, HINDUSTAN COPPER LTD, MULTI COMMODITY EXCHANGE OF INDIA LIMITED, MARUTI SUZUKI INDIA LIMITED, MAHINDRA AND MAHINDRA FINANCIAL SERVICES LIMITED, CITY UNION BANK LIMITED, JK Tyre & Industries Limited, ANUPAM RASAYAN INDIA LIMITED, VEDANTA LIMITED, IIFL FINANCE LIMITED, FORCE MOTORS LIMITED"
2026-01-30,NOT BUY  |  price (23080) below EMA50 (23441)  &  EMA21 (23243) < EMA63 (23458),347,30.0,0.010781162229303799,0.009581162229303799,0.003784744036915866,506.3795121294182,289.1194199353541,"NATIONAL ALUMINIUM CO LTD, ASHOK LEYLAND LIMITED, SHRIRAM FINANCE LIMITED, State Bank of India, HINDUSTAN COPPER LTD, MULTI COMMODITY EXCHANGE OF INDIA LIMITED, VEDANTA LIMITED, THE FEDERAL BANK LTD, MUTHOOT FINANCE LIMITED, L&T Finance Limited, Indian Bank, HINDALCO INDUSTRIES LIMITED, CITY UNION BANK LIMITED, BANK OF INDIA LIMITED, JK Tyre & Industries Limited, UNION BANK OF INDIA LIMITED, THE KARUR VYSYA BANK LIMITED, ADITYA BIRLA CAPITAL LIMITED, THE CANARA BANK LIMITED, AU SMALL FINANCE BANK LIMITED"
2026-02-27,NOT BUY  |  price (23167) below EMA50 (23443)  &  EMA21 (23401) < EMA63 (23452),335,40.0,-0.13176185291895046,-0.13336185291895045,-0.11390413457159687,438.84780211164485,256.18752261977545,"ASHOK LEYLAND LIMITED, State Bank of India, SHRIRAM FINANCE LIMITED, BHARAT FORGE LTD, NATIONAL ALUMINIUM CO LTD, THE KARUR VYSYA BANK LIMITED, THE FEDERAL BANK LTD, UNION BANK OF INDIA LIMITED, INDIAN OIL CORPORATION LIMITED, EICHER MOTORS LIMITED, VEDANTA LIMITED, APL Apollo Tubes Limited, Indian Bank, BANK OF INDIA LIMITED, GE VERNOVA T&D INDIA LIMITED, MULTI COMMODITY EXCHANGE OF INDIA LIMITED, THE GREAT EASTERN SHIPPING COMPANY LIMITED, THE CANARA BANK LIMITED, CUMMINS INDIA LIMITED, THE BANK OF MAHARASHTRA LIMITED"
2026-03-31,CASH  |  Death Cross: EMA50 (22329) < EMA200 (22886)  |  EXIT ALL -> LIQUID FUNDS (~2% p.a.),226,100.0,0.0016515813019202241,-0.0003484186980797759,0.11405613294979311,438.69489933177795,285.40728075977466,CASH
